Entity.ID,Entity.Name,Region
4559193,Aachener Bank eG,Nordrhein-Westfalen
4406059,Aachener Bausparkasse AG,Nordrhein-Westfalen
4588354,Alxing-Brucker Genossenschaftsbank eG,Bayern
4403547,Augusta-Bank eG Raiffeisen-Volksbank,Bayern
4247451,BAG Bankaktiengesellschaft,Nordrhein-Westfalen
4429595,Bankhaus RSA eG,Niedersachsen
4431502,Bankverein Bebra eG,Hessen
4257334,Bausparkasse Mainz AG,Rheinland-Pfalz
4145319,Bausparkasse Schwäbisch Hall AG,Baden-Württemberg
4429353,Bayerische BodenseeBank - Raiffeisen - eG,Bayern
4048275,Bayerische Landesbank,Bayern
4402075,Bensberger Bank eG,Nordrhein-Westfalen
4242086,Berliner Volksbank eG,Berlin
4398998,Bezirkssparkasse Reichenau,Baden-Württemberg
4403311,Bielefelder Volksbank eG,Nordrhein-Westfalen
4429805,Bopfinger Bank Sechta-Ries eG,Baden-Württemberg
4434027,Bordesholmer Sparkasse AG,Schleswig-Holstein
4402353,Brandenburger Bank Volksbank-Raiffeisenbank eG,Brandenburg
4242118,Bremer Landesbank Kreditanstalt Oldenburg-Girozentrale,Bremen
4399197,Bremische Volksbank Weser-Wümme eG,Bremen
4605377,Brühler Bank eG,Nordrhein-Westfalen
4087940,BSK 1818 Holding AG,Baden-Württemberg
4580526,Budenheimer Volksbank eG,Rheinland-Pfalz
4576350,Calenberger Kreditverein Calenberg-Göttingen- Grubenhagen- Hildesheim'scher ritterschaftlicher Kredi,Niedersachsen
4401485,Credit- und Volksbank eG,Nordrhein-Westfalen
4222342,Debeka Bausparkasse AG,Rheinland-Pfalz
4272715,Der Verband der Sparda-Banken e.V,Hessen
4580247,Dettinger Bank eG Volks- und Raiffeisenbank,Baden-Württemberg
4155903,Deutsche Apotheker- und Ärztebank eG,Nordrhein-Westfalen
4431479,Deutsche Bausparkasse Badenia Aktiengesellschaft,Baden-Württemberg
4242177,Die Sparkasse Bremen AG,Bremen
4402263,Dithmarscher Volks- und Raiffeisenbank eG,Schleswig-Holstein
4390983,DKM Darlehnskasse Münster eG,Nordrhein-Westfalen
4569792,Donau-Iller Bank eG,Bayern
4392265,Dortmunder Volksbank eingetragene Genossenschaft,Nordrhein-Westfalen
4403721,Dresdner Volksbank Raiffeisenbank eG,Sachsen
4427492,Eckernförder Bank eG Volksbank-Raiffeisenbank,Schleswig-Holstein
4401508,Erfurter Bank eG,Thüringen
4559202,Erzgebirgssparkasse,Sachsen
4398032,Evangelische Bank eG,Hessen
4430030,Evenord-Bank eG-KG,Bayern
4257366,Finanzholding der Sparkasse in Bremen,Bremen
4386865,Förde Sparkasse,Schleswig-Holstein
4427580,"Frankenberger Bank, Raiffeisenbank eG",Hessen
4242188,Frankfurter Sparkasse,Hessen
4382865,Frankfurter Volksbank Rhein/Main eG,Hessen
4567256,Freisinger Bank eG Volksbank-Raiffeisenbank,Bayern
4200067,"Fürstlich Castell'sche Bank, Credit-Casse AG",Bayern
4406093,Geno Bank Essen eG,Nordrhein-Westfalen
4562535,Genossenschaftsbank eG München,Bayern
4403755,Genossenschaftsbank Unterallgäu eG,Bayern
4579588,Genossenschaftsbank Wolfschlugen eG,Baden-Württemberg
4576214,Geraer Bank eG,Thüringen
4605606,Hagnauer Volksbank eG,Baden-Württemberg
4567199,Hallertauer Volksbank eG,Bayern
4106903,Hamburg Commercial Bank AG,Hamburg
4242192,Hamburger Sparkasse AG,Hamburg
4387829,Hannoversche Volksbank eG,Niedersachsen
4427594,Harzer Volksbank eG,Niedersachsen
4538184,Harzsparkasse,Sachsen-Anhalt
4403345,Hausbank München eG Bank für Haus- und Grundbesitz,Bayern
4395710,Heidenheimer Volksbank eG,Baden-Württemberg
4253027,Heinsberger Volksbank AG,Nordrhein-Westfalen
4402385,Herner Sparkasse GmbH,Nordrhein-Westfalen
4403394,Hohenzollerische Landesbank Kreissparkasse Sigmaringen,Baden-Württemberg
4580276,Hümmlinger Volksbank eG,Niedersachsen
4394964,Ihre Volksbank eG Neckar Odenwald Main Tauber,Baden-Württemberg
4413582,Kasseler Sparkasse,Hessen
4278180,Kerner Volksbank eG,Baden-Württemberg
4405114,Kieler Volksbank eG,Schleswig-Holstein
4394720,Kölner Bank eG,Nordrhein-Westfalen
4427598,Kreis- und Stadtsparkasse Dinkelsbühl,Bayern
4402381,Kreis- und Stadtsparkasse Erding - Dorfen,Bayern
4567095,Kreis- und Stadtsparkasse Kaufbeuren,Bayern
4569986,Kreis- und Stadtsparkasse Münden,Niedersachsen
4278481,Kreis- und Stadtsparkasse Wasserburg am Inn,Bayern
4567185,Kreis-Sparkasse Northeim,Niedersachsen
4394918,Kreissparkasse Ahrweiler,Rheinland-Pfalz
4403301,Kreissparkasse Altenkirchen,Rheinland-Pfalz
4538189,Kreissparkasse Anhalt-Bitterfeld,Sachsen-Anhalt
4394401,Kreissparkasse Augsburg,Bayern
4395163,Kreissparkasse Bautzen,Sachsen
4395263,Kreissparkasse Bersenbrück,Niedersachsen
4139023,Kreissparkasse Biberach,Baden-Württemberg
4395372,Kreissparkasse Birkenfeld (Birkenfelder Landesbank),Rheinland-Pfalz
4402565,Kreissparkasse Bitburg-Prüm,Rheinland-Pfalz
4278191,Kreissparkasse Böblingen,Baden-Württemberg
4619128,Kreissparkasse Börde,Sachsen-Anhalt
4394450,Kreissparkasse Diepholz,Niedersachsen
4399095,Kreissparkasse Döbeln,Sachsen
4394435,Kreissparkasse Düsseldorf,Nordrhein-Westfalen
4413647,Kreissparkasse Eichsfeld,Thüringen
4401047,Kreissparkasse Esslingen-Nürtingen,Baden-Württemberg
4562525,Kreissparkasse Euskirchen,Nordrhein-Westfalen
4403587,Kreissparkasse Fallingbostel in Walsrode,Niedersachsen
4394743,Kreissparkasse Freudenstadt,Baden-Württemberg
4403032,Kreissparkasse Garmisch-Partenkirchen,Bayern
4403309,Kreissparkasse Gelnhausen,Hessen
4240773,Kreissparkasse Göppingen,Baden-Württemberg
4396725,Kreissparkasse Gotha,Thüringen
4403458,Kreissparkasse Grafschaft Bentheim zu Nordhorn,Niedersachsen
4403494,Kreissparkasse Grafschaft Diepholz,Niedersachsen
4399828,Kreissparkasse Groß-Gerau,Sachsen
4395161,Kreissparkasse Halle-Wiedenbrück,Sachsen-Anhalt
4537824,Kreissparkasse Heidenheim,Baden-Württemberg
4245467,Kreissparkasse Heilbronn,Baden-Württemberg
4400726,Kreissparkasse Heinsberg,Nordrhein-Westfalen
4399811,Kreissparkasse Herzogtum Lauenburg,Schleswig-Holstein
4404063,Kreissparkasse Hildburghausen,Thüringen
4567251,Kreissparkasse Höchstadt a.d. Aisch,Bayern
4278193,Kreissparkasse Kelheim,Bayern
4242216,Kreissparkasse Köln,Nordrhein-Westfalen
4394609,Kreissparkasse Kusel,Rheinland-Pfalz
4395134,Kreissparkasse Limburg,Hessen
4245468,Kreissparkasse Ludwigsburg,Baden-Württemberg
4394983,Kreissparkasse Mayen,Rheinland-Pfalz
4278213,Kreissparkasse Melle,Niedersachsen
4562546,Kreissparkasse Miesbach-Tegernsee,Bayern
4288736,Kreissparkasse München Starnberg Ebersberg,Bayern
4413649,Kreissparkasse Nordhausen,Thüringen
4387093,Kreissparkasse Ostalb,Baden-Württemberg
4402562,Kreissparkasse Osterholz,Niedersachsen
4403509,Kreissparkasse Peine,Niedersachsen
4387117,Kreissparkasse Ravensburg,Baden-Württemberg
4278195,Kreissparkasse Reutlingen,Baden-Württemberg
4395212,Kreissparkasse Rhein-Hunsrück,Nordrhein-Westfalen
4394363,Kreissparkasse Rhein-Pfalz,Nordrhein-Westfalen
4400685,Kreissparkasse Rottweil,Baden-Württemberg
4405039,Kreissparkasse Saale-Orla,Sachsen
4403318,Kreissparkasse Saalfeld-Rudolstadt,Thüringen
4394444,Kreissparkasse Saarlouis,Saarland
4394986,Kreissparkasse Saarpfalz,Saarland
4404036,Kreissparkasse Schlüchtern,Hessen
4399356,Kreissparkasse Schongau,Bayern
4396572,Kreissparkasse Schwalm-Eder,Hessen
4537825,Kreissparkasse Soltau,Niedersachsen
4403033,Kreissparkasse St. Wendel,Saarland
4402578,Kreissparkasse Stade,Niedersachsen
4399788,Kreissparkasse Steinfurt,Nordrhein-Westfalen
4567194,Kreissparkasse Stendal,Sachsen-Anhalt
4562526,Kreissparkasse Traunstein-Trostberg,Bayern
4387099,Kreissparkasse Tübingen,Baden-Württemberg
4278189,Kreissparkasse Tuttlingen,Baden-Württemberg
4278192,Kreissparkasse Verden,Niedersachsen
4537828,Kreissparkasse Vulkaneifel,Rheinland-Pfalz
4245469,Kreissparkasse Waiblingen,Baden-Württemberg
4278196,Kreissparkasse Weilburg,Hessen
4562528,Kreissparkasse Wiedenbrück,Nordrhein-Westfalen
4399105,Kyffhäusersparkasse Artern-Sondershausen,Thüringen
4073469,Landesbank Baden-Württemberg,Baden-Württemberg
4120106,Landesbank Hessen-Thüringen Girozentrale,Thüringen
4242219,Landesbank Saar,Saarland
4342374,Landessparkasse zu Oldenburg,Niedersachsen
4400665,LBS Bausparkasse Schleswig-Holstein-Hamburg AG,Hamburg
4245465,LBS Bayerische Landesbausparkasse,Bayern
4876783,LBS Landesbausparkasse NordOst AG,Berlin
4245472,LBS Landesbausparkasse NordWest,Niedersachsen
4399809,LBS Landesbausparkasse Rheinland-Pfalz,Rheinland-Pfalz
4403782,LBS Landesbausparkasse Saar,Saarland
4245470,LBS Landesbausparkasse Süd,Niedersachsen
4576163,Leipziger Volksbank eG,Sachsen
4395429,Märkische Bank eG,Nordrhein-Westfalen
4393859,meine Volksbank Raiffeisenbank eG,Bayern
4243639,Mittelbrandenburgische Sparkasse in Potsdam,Brandenburg
4567196,MMV Bank GmbH,Rheinland-Pfalz
4548678,Müritz-Sparkasse,Mecklenburg-Vorpommern
4219627,Nassauische Sparkasse,Rheinland-Pfalz
4395385,Netbank AG,Hamburg
4431427,Niederrheinische Sparkasse RheinLippe,Nordrhein-Westfalen
4386861,Nord-Ostsee Sparkasse,Schleswig-Holstein
4145342,Norddeutsche Landesbank Girozentrale,Niedersachsen
4618548,Norderstedter Bank eG,Schleswig-Holstein
4403858,Oldenburger Volksbank eG,Niedersachsen
4577047,Onstmettinger Bank eG,Baden-Württemberg
4258527,Ostsächsische Sparkasse Dresden,Sachsen
4394413,OstseeSparkasse Rostock,Mecklenburg-Vorpommern
4401207,OYAK ANKER Bank GmbH,Hessen
4397725,Pax-Bank für Kirche und Caritas eG,Nordrhein-Westfalen
4403859,Pommersche Volksbank eG,Niedersachsen
4394958,PSD Bank Berlin-Brandenburg eG,Berlin
4401039,PSD Bank Braunschweig eG,Niedersachsen
4396307,PSD Bank Hannover eG,Niedersachsen
4394764,PSD Bank Hessen-Thüringen eG,Thüringen
4402531,PSD Bank Karlsruhe-Neustadt eG,Rheinland-Pfalz
4394805,PSD Bank München eG,Bayern
4403322,PSD Bank RheinNeckarSaar eG,Saarland
4427509,Raiffeisen - meine Bank eG,Bayern
4578811,Raiffeisen - Volksbank Hermsdorfer Kreuz eG,Niedersachsen
4428325,Raiffeisen- und Volksbank Dahn eG,Niedersachsen
4429889,Raiffeisen-Bank Eschweiler eG,Nordrhein-Westfalen
4429884,Raiffeisen-Volksbank Bad Staffelstein eG,Niedersachsen
4395296,Raiffeisen-Volksbank Donauwörth eG,Bayern
4428272,Raiffeisen-Volksbank Ebern eG,Bayern
4395384,Raiffeisen-Volksbank eG,Baden-Württemberg
4569798,Raiffeisen-Volksbank Fresena eG,Niedersachsen
4576271,Raiffeisen-Volksbank Fürth eG,Bayern
4402605,Raiffeisen-Volksbank Haßberge eG,Bayern
4402603,Raiffeisen-Volksbank Kronach-Ludwigsstadt eG,Bayern
4567234,Raiffeisen-Volksbank Miltenberg eG,Bayern
4578827,Raiffeisen-Volksbank Neustadt eG,Rheinland-Pfalz
4429598,Raiffeisen-Volksbank Oder-Spree eG,Brandenburg
4429360,Raiffeisen-Volksbank Saale-Orla eG,Sachsen
4580189,Raiffeisen-Volksbank Tüßling-Unterneukirchen eG,Bayern
4400464,Raiffeisen-Volksbank Varel-Nordenham eG,Niedersachsen
4429581,Raiffeisen-Volksbank Wemding eG,Bayern
4619538,"Raiffeisenbank ""Nahe"" eG",Rheinland-Pfalz
4573600,Raiffeisenbank Adelzhausen-Sielenbach eG,Bayern
4580182,Raiffeisenbank Aidlingen eG,Baden-Württemberg
4618715,Raiffeisenbank Aiglsbach eG,Bayern
4618718,Raiffeisenbank Aitrang-Ruderatshofen eG,Bayern
4402529,Raiffeisenbank Altdorf-Ergolding eG,Bayern
4579587,Raiffeisenbank Alteglofsheim -Hagelstadt eG,Bayern
4619365,Raiffeisenbank Altertheim eG,Bayern
4429596,Raiffeisenbank Altmühl-Jura eG,Bayern
4618719,Raiffeisenbank Altschweier eG,Baden-Württemberg
4580238,Raiffeisenbank am Dreisessel eG,Bayern
4579002,Raiffeisenbank am Kulm eG,Bayern
4428949,Raiffeisenbank am Rothsee,Bayern
4618721,Raiffeisenbank Anger eG,Bayern
4429407,Raiffeisenbank Aresing-Gerolsbach eG,Bayern
4430020,Raiffeisenbank Arnstorf eG,Bayern
4618723,Raiffeisenbank Asbach-Burghaun eG,Hessen
4580097,Raiffeisenbank Aschau-Samerberg eG,Bayern
4580078,Raiffeisenbank Aschberg eG,Bayern
4579021,Raiffeisenbank Aulendorf eG,Baden-Württemberg
4402613,Raiffeisenbank Bad Gögging eG,Niedersachsen
4619366,Raiffeisenbank Bad Kötzting eG,Niedersachsen
4580209,Raiffeisenbank Bad Saulgau eG,Niedersachsen
4580229,Raiffeisenbank Bad Schussenried - Aulendorf eG,Niedersachsen
4576111,Raiffeisenbank Bad Windsheim eG,Niedersachsen
4580232,Raiffeisenbank Baiertal eG,Baden-Württemberg
4618532,Raiffeisenbank Bauschlott eG,Baden-Württemberg
4579597,Raiffeisenbank Bechhofen eG,Bayern
4580181,Raiffeisenbank Beilngries eG,Bayern
4431506,Raiffeisenbank Berg-Bad Steben eG,Bayern
4618722,Raiffeisenbank Berghülen eG,Baden-Württemberg
4576276,Raiffeisenbank Biberach eG,Baden-Württemberg
4578685,Raiffeisenbank Bibertal-Kötz eG,Bayern
4619367,Raiffeisenbank Bidingen eG,Bayern
4429808,Raiffeisenbank Biebergrund-Petersberg eG,Hessen
4580248,Raiffeisenbank Bissingen eG,Baden-Württemberg
4579008,Raiffeisenbank Böllingertal eG,Baden-Württemberg
4431498,Raiffeisenbank Borken Nordhessen eG,Nordrhein-Westfalen
4428762,Raiffeisenbank Bretzfeld-Neuenstein eG,Baden-Württemberg
4629111,Raiffeisenbank Bruck eG,Bayern
4618814,Raiffeisenbank Bühlertal eG,Baden-Württemberg
4429622,Raiffeisenbank Burgebrach-Stegaurach eG,Bayern
4580193,Raiffeisenbank Butjadingen-Abbehausen eG,Niedersachsen
4428243,Raiffeisenbank Bütthard-Gaukönigshofen eG,Bayern
4398287,Raiffeisenbank Chamer Land eG,Sachsen-Anhalt
4619368,Raiffeisenbank Chiemgau - Nord - Obing eG,Sachsen-Anhalt
4618749,Raiffeisenbank Dellmensingen eG,Baden-Württemberg
4580195,Raiffeisenbank Denzlingen-Sexau eG,Baden-Württemberg
4579582,Raiffeisenbank Dietersheim und Umgebung eG,Bayern
4580201,Raiffeisenbank Donau-Heuberg eG,Baden-Württemberg
4576341,Raiffeisenbank Donaumooser Land eG,Sachsen-Anhalt
4429364,Raiffeisenbank DreiFranken eG,Bayern
4580107,Raiffeisenbank Eberhardzell-Ummendorf eG,Baden-Württemberg
4429883,Raiffeisenbank eG,Hessen
4618901,Raiffeisenbank eG,Hessen
4619374,Raiffeisenbank eG,Hessen
4564256,Raiffeisenbank eG,Hessen
4578821,Raiffeisenbank eG Aldenhoven,Nordrhein-Westfalen
4429619,Raiffeisenbank eG Calden,Hessen
4564243,Raiffeisenbank eG Heide,Nordrhein-Westfalen
4580098,Raiffeisenbank eG Scharrel,Niedersachsen
4618902,Raiffeisenbank eG Unterwesterwald,Rheinland-Pfalz
4619373,"Raiffeisenbank eG, Bargteheide",Schleswig-Holstein
4577805,"Raiffeisenbank eG, Ebsdorfergrund – Dreihausen",Hessen
4580243,"Raiffeisenbank eG, Flieden",Hessen
4619371,"Raiffeisenbank eG, Henstedt-Ulzburg",Schleswig-Holstein
4580104,"Raiffeisenbank eG, Herxheim",Rheinland-Pfalz
4580074,"Raiffeisenbank eG, Ratzeburg",Schleswig-Holstein
4431500,Raiffeisenbank Ehekirchen-Oberhausen eG,Nordrhein-Westfalen
4619375,Raiffeisenbank Eifel eG,Rheinland-Pfalz
4580198,Raiffeisenbank Elbmarsch eG,Niedersachsen
4580186,Raiffeisenbank Elsavatal eG,Bayern
4428952,Raiffeisenbank Ems-Vechte eG,Niedersachsen
4573601,Raiffeisenbank Emtmannsberg eG,Bayern
4618753,Raiffeisenbank Erlenbach eG,Bayern
4580108,Raiffeisenbank Eschlkam-Lam-Lohberg-Neukirchen b. Hl. Blut eG,Bayern
4405978,Raiffeisenbank Essenbach eG,Nordrhein-Westfalen
4429572,Raiffeisenbank Falkenstein-Wörth eG,Bayern
4579004,Raiffeisenbank Floß eG,Bayern
4580102,Raiffeisenbank Frankenhardt-Stimpfach eG,Bayern
4579596,Raiffeisenbank Frankenwinheim und Umgebung eG,Bayern
4580197,Raiffeisenbank Fränkische Schweiz eG,Bayern
4618707,Raiffeisenbank Fränkisches Weinland eG Escherndorf-Sommerach-Nordheim,Bayern
4578825,Raiffeisenbank Freinsheim eG,Rheinland-Pfalz
4618780,Raiffeisenbank Gammesfeld eG,Bayern
4428828,Raiffeisenbank Garrel eG,Niedersachsen
4580240,Raiffeisenbank Gefrees eG,Bayern
4577837,Raiffeisenbank Geiselhöring-Pfaffenberg eG,Bayern
4428885,Raiffeisenbank Geisenhausen eG,Bayern
4580208,Raiffeisenbank Geislingen-Rosenfeld eG,Baden-Württemberg
4431503,Raiffeisenbank Gilching eG,Bayern
4538344,Raiffeisenbank Gmund am Tegernsee eG,Bayern
4402564,Raiffeisenbank Goldener Steig - Dreisessel eG,Bayern
4580119,Raiffeisenbank Gotha eG,Thüringen
4580237,Raiffeisenbank Grafenwöhr-Kirchenthumbach eG,Bayern
4430023,Raiffeisenbank Grafschaft-Wachtberg eG,Nordrhein-Westfalen
4579005,Raiffeisenbank Grainet eG,Bayern
4576223,Raiffeisenbank Grevenbroich eG,Nordrhein-Westfalen
4580103,Raiffeisenbank Griesstätt - Halfing eG,Bayern
4580239,Raiffeisenbank Großhabersdorf-Roßtal eG,Bayern
4567253,Raiffeisenbank Großostheim-Obernburg eG,Bayern
4618785,Raiffeisenbank Gruibingen eG.,Baden-Württemberg
4427597,Raiffeisenbank Haag-Gars-Maitenbeth eG,Bayern
4573576,Raiffeisenbank Haldenwang eG,Bayern
4428359,Raiffeisenbank Hallertau eG,Bayern
4429567,Raiffeisenbank Hammelburg eG,Nordrhein-Westfalen
4580199,Raiffeisenbank Hardt-Bruhrain eG,Baden-Württemberg
4579047,Raiffeisenbank Haunetal eG,Hessen
4579042,Raiffeisenbank Heiligenstadt i.OFr.eG,Bayern
4428634,Raiffeisenbank Heilsbronn-Windsbach eG,Bayern
4428924,Raiffeisenbank Hengersberg- Schöllnach eG,Bayern
4402569,Raiffeisenbank Hersbruck eG,Bayern
4580194,Raiffeisenbank Hirschau eG,Bayern
4429662,Raiffeisenbank Höchberg eG,Bayern
4618809,Raiffeisenbank Hofkirchen-Bayerbach eG,Bayern
4428945,Raiffeisenbank Höhenkirchen und Umgebung eG,Bayern
4401456,Raiffeisenbank Hohenloher Land eG,Sachsen-Anhalt
4578999,Raiffeisenbank Holzheim eG,Bayern
4429402,Raiffeisenbank Holzkirchen-Otterfing eG,Bayern
4580230,Raiffeisenbank Horb eG,Baden-Württemberg
4576107,Raiffeisenbank i. Lkrs. Passau-Nord eG,Bayern
4619457,Raiffeisenbank Ichenhausen eG,Bayern
4567219,Raiffeisenbank im Allgäuer Land eG,Bayern
4429356,Raiffeisenbank im Breisgau eG,Baden-Württemberg
4402532,Raiffeisenbank im Donautal eG,Bayern
4619518,Raiffeisenbank im Grabfeld eG,Bayern
4402444,Raiffeisenbank im Kreis Calw eG,Nordrhein-Westfalen
4401040,Raiffeisenbank im Naabtal eG,Bayern
4429643,Raiffeisenbank im Nürnberger Land eG,Bayern
4404039,Raiffeisenbank im Oberland eG,Bayern
4402610,Raiffeisenbank im Oberpfälzer Jura eG,Bayern
4404297,Raiffeisenbank im Stiftland eG,Bayern
4578683,Raiffeisenbank Ingersheim eG,Baden-Württemberg
4619519,Raiffeisenbank Irrel eG,Rheinland-Pfalz
4569823,Raiffeisenbank Isar-Loisachtal eG,Bayern
4619520,Raiffeisenbank Jettingen-Scheppach eG,Bayern
4578817,Raiffeisenbank Junkersdorf eG,Nordrhein-Westfalen
4580228,Raiffeisenbank Kaarst eG,Nordrhein-Westfalen
4580183,Raiffeisenbank Kaiserstuhl eG,Baden-Württemberg
4579039,Raiffeisenbank Kalbe-Bismark eG,Sachsen-Anhalt
4580190,Raiffeisenbank Kastellaun eG,Rheinland-Pfalz
4619521,Raiffeisenbank Kehrig eG,Rheinland-Pfalz
4580227,Raiffeisenbank Kieselbronn eG,Baden-Württemberg
4580245,Raiffeisenbank Kirchheim-Walheim eG,Baden-Württemberg
4428633,Raiffeisenbank Kirchweihtal eG,Nordrhein-Westfalen
4580206,Raiffeisenbank Knoblauchsland-Bibertgrund eG,Bayern
4580185,Raiffeisenbank Knoblauchsland-Bibertgrund eG,Bayern
4403959,Raiffeisenbank Kreis Kelheim eG,Nordrhein-Westfalen
4402607,Raiffeisenbank Krumbach/Schwaben eG,Bayern
4580115,Raiffeisenbank Küps-Mitwitz-Stockheim eG,Bayern
4619532,Raiffeisenbank Langenschwarz eG,Hessen
4573620,Raiffeisenbank Lech-Ammersee eG,Bayern
4580106,Raiffeisenbank Lechrain eG,Bayern
4578819,Raiffeisenbank Lorup eG,Niedersachsen
4606030,Raiffeisenbank Mainschleife - Steigerwald eG,Bayern
4580105,Raiffeisenbank MEHR eG Mosel - Eifel - Hunsrück - Region,Rheinland-Pfalz
4580236,Raiffeisenbank Mehring-Leiwen eG,Rheinland-Pfalz
4618812,Raiffeisenbank Mehrstetten eG,Baden-Württemberg
4428807,Raiffeisenbank Mengkofen-Loiching eG,Bayern
4628273,Raiffeisenbank Mittelrhein eG,Rheinland-Pfalz
4428510,Raiffeisenbank Moelln eG,Schleswig-Holstein
4619535,Raiffeisenbank Moselkrampen eG,Rheinland-Pfalz
4618813,Raiffeisenbank Mötzingen eG Mötzingen-Iselshausen,Baden-Württemberg
4399486,Raiffeisenbank München-Süd eG,Bayern
4578816,Raiffeisenbank Neudenau-Stein-Herbolzheim eG,Baden-Württemberg
4619544,Raiffeisenbank Neumarkt-St. Veit - Reischach eG,Bayern
4559152,Raiffeisenbank Neustadt e.G.,Rheinland-Pfalz
4576180,Raiffeisenbank Neustadt-Vohenstrauß eG,Rheinland-Pfalz
4580213,Raiffeisenbank Niedere Alb eG,Baden-Württemberg
4618705,Raiffeisenbank Oberer Wald eG,Hessen
4618817,Raiffeisenbank Oberessendorf eG,Baden-Württemberg
4580207,Raiffeisenbank Oberferrieden-Burgthann eG,Bayern
4619564,Raiffeisenbank Oberland eG,Bayern
4580224,Raiffeisenbank Oberstenfeld eG,Baden-Württemberg
4618820,Raiffeisenbank Offingen eG,Bayern
4401470,Raiffeisenbank Oldenburg eG,Niedersachsen
4428946,Raiffeisenbank Ortenburg-Kirchberg v. W. eG,Bayern
4429570,Raiffeisenbank Ostprignitz-Ruppin eG,Brandenburg
4605607,Raiffeisenbank Ottenbach eG,Baden-Württemberg
4619565,Raiffeisenbank Parkstetten eG,Bayern
4576279,Raiffeisenbank Parsberg-Velburg eG,Bayern
4580109,Raiffeisenbank Pfaffenhofen a.d. Glonn eG,Bayern
4401483,Raiffeisenbank Pfaffenwinkel eG,Bayern
4619566,Raiffeisenbank Plankstetten AG,Bayern
4619568,Raiffeisenbank Rain am Lech eG,Bayern
4428639,Raiffeisenbank Ravensburg eG,Baden-Württemberg
4404052,Raiffeisenbank Regensburg-Wenzenbach eG,Bayern
4430008,Raiffeisenbank Regenstauf eG,Bayern
4619570,Raiffeisenbank Rehling eG,Bayern
4580262,Raiffeisenbank Reute-Gaisbeuren eG,Baden-Württemberg
4404298,Raiffeisenbank Rhein-Berg eG,Nordrhein-Westfalen
4580187,Raiffeisenbank Ronshausen-Marksuhl eG,Hessen
4429885,Raiffeisenbank Rosenstein eG,Baden-Württemberg
4428499,Raiffeisenbank Rupertiwinkel eG,Bayern
4428618,Raiffeisenbank Salzweg-Thyrnau eG,Bayern
4429352,Raiffeisenbank Sankt Augustin eG,Nordrhein-Westfalen
4580234,Raiffeisenbank Schaafheim eG,Hessen
4618825,Raiffeisenbank Schleusingen eG,Thüringen
4619572,Raiffeisenbank Schrobenhausener Land eG,Sachsen-Anhalt
4429812,Raiffeisenbank Schrozberg-Rot am See eG,Baden-Württemberg
4399382,Raiffeisenbank Schwaben Mitte eG,Bayern
4569842,Raiffeisenbank Schwandorf-Nittenau eG,Bayern
4580211,Raiffeisenbank Singoldtal eG,Bayern
4579025,Raiffeisenbank Sinzing eG,Bayern
4579590,Raiffeisenbank Sondelfingen eG,Baden-Württemberg
4580114,Raiffeisenbank Sonnenwald eG,Bayern
4573537,Raiffeisenbank St. Wolfgang-Schwindkirchen eG,Sachsen-Anhalt
4580089,Raiffeisenbank Stauden eG,Bayern
4431481,Raiffeisenbank Steingaden eG,Bayern
4567267,Raiffeisenbank Straubing eG,Bayern
4580226,Raiffeisenbank Strücklingen-Idafehn eG,Niedersachsen
4576278,Raiffeisenbank Südhardt eG,Baden-Württemberg
4576342,Raiffeisenbank Südl. Bayerischer Wald eG,Hessen
4619573,Raiffeisenbank Südliches Ostallgäu eG,Bayern
4405968,Raiffeisenbank Sulzbach-Rosenberg eG,Bayern
4579583,Raiffeisenbank Tattenhausen-Großkarolinenfeld eG,Bayern
4580179,Raiffeisenbank Taufkirchen-Oberneukirchen eG,Bayern
4580084,Raiffeisenbank Thannhausen eG,Bayern
4579000,Raiffeisenbank Thurnauer Land eG,Sachsen-Anhalt
4580184,Raiffeisenbank Torgau eG,Sachsen
4569801,Raiffeisenbank Trostberg-Traunreut eG,Bayern
4580214,Raiffeisenbank Uehlfeld - Dachsbach eG,Bayern
4606029,Raiffeisenbank Unteres Inntal eG,Bayern
4577774,Raiffeisenbank Unteres Vilstal eG,Bayern
4580241,Raiffeisenbank Unteres Zusamtal eG,Bayern
4579589,Raiffeisenbank Urbach eG,Baden-Württemberg
4606031,Raiffeisenbank Volkmarsen eG,Hessen
4580249,Raiffeisenbank Vordere Alb eG,Baden-Württemberg
4618829,Raiffeisenbank Vordersteinenberg eG,Baden-Württemberg
4606032,Raiffeisenbank Wald-Görisried eG,Bayern
4606034,Raiffeisenbank Wegscheid eG,Bayern
4399441,Raiffeisenbank Weiden eG,Bayern
4580252,Raiffeisenbank Weissach eG,Baden-Württemberg
4579027,Raiffeisenbank Welling eG,Rheinland-Pfalz
4429888,Raiffeisenbank Wesermarsch-Süd eG,Niedersachsen
4576114,Raiffeisenbank Westeifel eG,Rheinland-Pfalz
4606037,Raiffeisenbank Westkreis Fürstenfeldbruck eG,Bayern
4618546,Raiffeisenbank Wimsheim-Mönsheim eingetragene Genossenschaft,Baden-Württemberg
4399920,Raiffeisenbank Wittelsbacher Land eG,Sachsen-Anhalt
4606038,Raiffeisenbank Wittislingen eG,Bayern
4578684,Raiffeisenbank Wyhl eG,Baden-Württemberg
4430009,Raiffeisenbank Zeller Land eG,Sachsen-Anhalt
4606039,Raiffeisenkasse Erbes-Büdesheim und Umgebung eG,Rheinland-Pfalz
4403884,Rheingauer Volksbank eG,Hessen
4399826,Rheinhessen Sparkasse,Rheinland-Pfalz
4413652,Rhön-Rennsteig-Sparkasse,Thüringen
4399931,Rottaler Volksbank-Raiffeisenbank eG,Bayern
4569796,Rüsselsheimer Volksbank eG,Niedersachsen
4403688,RV Bank Rhein-Haardt eG,Rheinland-Pfalz
4400791,Saalesparkasse,Sachsen-Anhalt
4562413,Salzlandsparkasse,Sachsen-Anhalt
4400869,Schleswiger Volksbank eG Volksbank Raiffeisenbank,Schleswig-Holstein
4576750,SG Equipment Finance GmbH,Nordrhein-Westfalen
4398888,SIGNAL IDUNA Bauspar Aktiengesellschaft,Hamburg
4618841,Spar- und Darlehnskasse Aegidienberg eG,Nordrhein-Westfalen
4628381,Spar- und Darlehnskasse Hoengen eG,Nordrhein-Westfalen
4618843,Spar- und Darlehnskasse Stockhausen eG,Hessen
4618845,Spar- und Kreditbank Bühlertal eG,Baden-Württemberg
4618561,Spar- und Kreditbank Dauchingen eG,Baden-Württemberg
4848836,Spar- und Kreditbank des Bundes Freier evangelischer Gemeinden eG,Nordrhein-Westfalen
4430010,Spar- und Kreditbank Rheinstetten eG,Baden-Württemberg
4395365,Sparda-Bank Augsburg eG,Bayern
4386868,Sparda-Bank Berlin eG,Berlin
4388547,Sparda-Bank Hannover eingetragene Genossenschaft,Niedersachsen
4387734,Sparda-Bank Hessen eG,Hessen
4386866,Sparda-Bank München eG,Bayern
4393816,Sparda-Bank Münster eG,Nordrhein-Westfalen
4256427,Sparda-Bank Nürnberg eG,Bayern
4394683,Sparda-Bank Ostbayern eG,Bayern
4245475,Sparda-Bank Südwest eG,Rheinland-Pfalz
4256424,Sparda-Bank West eG,Thüringen
4399715,Sparkasse Aachen,Nordrhein-Westfalen
4567265,Sparkasse Aichach-Schrobenhausen,Bayern
4400794,Sparkasse Allgäu,Bayern
4406023,Sparkasse Altenburger Land,Thüringen
4403618,Sparkasse Altmark West,Thüringen
4628675,Sparkasse Altötting-Mühldorf,Bayern
4394449,Sparkasse am Niederrhein,Nordrhein-Westfalen
4562524,Sparkasse Amberg-Sulzbach,Bayern
4538090,Sparkasse an der Lippe,Nordrhein-Westfalen
4431429,"Sparkasse an Ennepe und Ruhr - Zweckverbandssparkasse der Städte Gevelsberg, Ennepetal, Wetter (Ruhr",Nordrhein-Westfalen
4400712,Sparkasse Ansbach,Bayern
4405082,Sparkasse Arnstadt-Ilmenau,Thüringen
4562517,Sparkasse Aschaffenburg Miltenberg,Bayern
4400780,Sparkasse Aschaffenburg-Alzenau,Bayern
4404979,Sparkasse Attendorn-Lennestadt-Kirchhundem,Nordrhein-Westfalen
4394566,Sparkasse Aurich-Norden in Ostfriesland - Ostfriesische Sparkasse,Niedersachsen
4394694,Sparkasse Bad Hersfeld-Rotenburg,Hessen
4395271,Sparkasse Bad Kissingen,Niedersachsen
4405078,Sparkasse Bad Neustadt a. d. Saale,Rheinland-Pfalz
4567249,Sparkasse Bad Oeynhausen - Porta Westfalica,Nordrhein-Westfalen
4394601,Sparkasse Bad Tölz-Wolfratshausen,Niedersachsen
4394608,Sparkasse Baden-Baden Gaggenau,Baden-Württemberg
4278176,Sparkasse Bamberg,Bayern
4538200,Sparkasse Barnim,Brandenburg
4413605,Sparkasse Battenberg,Hessen
4562513,Sparkasse Bayreuth,Bayern
4399225,Sparkasse Beckum-Wadersloh,Nordrhein-Westfalen
4394829,Sparkasse Bensheim,Hessen
4399740,Sparkasse Berchtesgadener Land,Sachsen-Anhalt
4387123,Sparkasse Bielefeld,Nordrhein-Westfalen
4387732,Sparkasse Bochum,Nordrhein-Westfalen
4400795,Sparkasse Bodensee,Baden-Württemberg
4404003,Sparkasse Bonndorf-Stühlingen,Nordrhein-Westfalen
4413642,Sparkasse Borken-Schwalmstadt,Nordrhein-Westfalen
4398924,Sparkasse Bühl,Baden-Württemberg
4569805,Sparkasse Burbach-Neunkirchen,Saarland
4548591,Sparkasse Burgenlandkreis,Sachsen-Anhalt
4399830,Sparkasse Celle,Niedersachsen
4400722,Sparkasse Celle-Gifhorn-Wolfsburg,Niedersachsen
4400782,Sparkasse Chemnitz,Sachsen
4562403,Sparkasse Coburg - Lichtenfels,Bayern
4394471,Sparkasse Dachau,Bayern
4538195,Sparkasse Deggendorf,Bayern
4399202,Sparkasse der Homburgischen Gemeinden in Wiehl,Nordrhein-Westfalen
4538089,Sparkasse der Stadt Iserlohn,Nordrhein-Westfalen
4427360,Sparkasse der Stadt Straelen,Nordrhein-Westfalen
4538151,Sparkasse der Stadt Wilhelmshaven,Niedersachsen
4394484,Sparkasse Dieburg - Zweckverbandssparkasse,Hessen
4395289,Sparkasse Dillenburg,Hessen
4567174,Sparkasse Dillingen-Nördlingen,Saarland
4559195,Sparkasse Dinslaken-Voerde-Hünxe,Nordrhein-Westfalen
4403762,Sparkasse Donauwörth,Bayern
4395255,Sparkasse Donnersberg,Rheinland-Pfalz
4342378,Sparkasse Dortmund,Nordrhein-Westfalen
4248371,Sparkasse Duisburg,Nordrhein-Westfalen
4420300,Sparkasse Düren,Nordrhein-Westfalen
4567207,Sparkasse Eichstätt,Bayern
4403945,Sparkasse Einbeck,Niedersachsen
4567089,Sparkasse Elbe-Elster,Brandenburg
4398927,Sparkasse Elmshorn,Schleswig-Holstein
4569790,Sparkasse Emden,Niedersachsen
4394442,Sparkasse Emsland,Niedersachsen
4406018,Sparkasse Engen-Gottmadingen,Baden-Württemberg
4569934,Sparkasse Ennepetal-Breckerfeld,Nordrhein-Westfalen
4427463,Sparkasse Erwitte-Anröchte,Nordrhein-Westfalen
4245476,Sparkasse Essen,Nordrhein-Westfalen
4570004,Sparkasse Finnentrop,Nordrhein-Westfalen
4395178,Sparkasse Forchheim,Bayern
4387733,Sparkasse Freiburg - Nördlicher Breisgau,Baden-Württemberg
4567175,Sparkasse Freising Moosburg,Bayern
4567427,Sparkasse Freyung-Grafenau,Bayern
4429560,Sparkasse Fröndenberg,Nordrhein-Westfalen
4387090,Sparkasse Fulda,Hessen
4387094,Sparkasse Fürstenfeldbruck,Bayern
4400719,Sparkasse Fürth,Bayern
4399774,Sparkasse Gelsenkirchen,Nordrhein-Westfalen
4401506,Sparkasse Gengenbach,Baden-Württemberg
4394708,Sparkasse Gera-Greiz,Thüringen
4562544,Sparkasse Germersheim-Kandel,Rheinland-Pfalz
4428902,Sparkasse Geseke,Nordrhein-Westfalen
4394571,Sparkasse Gießen,Hessen
4395169,Sparkasse Goslar/Harz,Niedersachsen
4427133,Sparkasse Göttingen,Niedersachsen
4403905,Sparkasse Gronau,Nordrhein-Westfalen
4570001,Sparkasse Grünberg,Hessen
4395203,Sparkasse Gummersbach,Nordrhein-Westfalen
4399705,Sparkasse Günzburg-Krumbach,Bayern
4403437,Sparkasse Gütersloh-Rietberg-Versmold,Nordrhein-Westfalen
4427602,Sparkasse Gütersloh-Rietberg-Versmold,Nordrhein-Westfalen
4395037,Sparkasse Hameln-Weserbergland,Niedersachsen
4278181,Sparkasse Hamm,Nordrhein-Westfalen
4278184,Sparkasse Hanau,Hessen
4395293,Sparkasse Hanauerland,Hessen
4209452,Sparkasse Hannover,Niedersachsen
4252289,Sparkasse Harburg-Buxtehude,Niedersachsen
4403674,Sparkasse Hattingen,Nordrhein-Westfalen
4427139,Sparkasse Hegau-Bodensee,Baden-Württemberg
4431457,Sparkasse Heidelberg,Baden-Württemberg
4567100,Sparkasse Hellweg-Lippe,Nordrhein-Westfalen
4399977,Sparkasse Hennstedt-Wesselburen,Schleswig-Holstein
4245477,Sparkasse Herford,Nordrhein-Westfalen
4427058,Sparkasse Hilden Ratingen Velbert,Nordrhein-Westfalen
4400789,Sparkasse Hildesheim Goslar Peine,Niedersachsen
4427059,Sparkasse Hochfranken,Bayern
4394436,Sparkasse Hochrhein,Baden-Württemberg
4537826,Sparkasse Hochsauerland,Nordrhein-Westfalen
4403619,Sparkasse Hochschwarzwald,Baden-Württemberg
4394910,Sparkasse Hohenlohekreis,Baden-Württemberg
4428507,Sparkasse Hohenwestedt,Schleswig-Holstein
4387842,Sparkasse Holstein,Schleswig-Holstein
4567101,Sparkasse im Landkreis Cham,Bayern
4562533,Sparkasse im Landkreis Neustadt a.d. Aisch - Bad Windsheim,Bayern
4559194,Sparkasse Im Landkreis Schwandorf,Bayern
4427055,Sparkasse Ingolstadt Eichstätt,Bayern
4413662,Sparkasse Jena-Saale-Holzland,Thüringen
4567250,Sparkasse Jerichower Land,Sachsen-Anhalt
4400089,Sparkasse Kaiserslautern,Rheinland-Pfalz
4387113,Sparkasse Karlsruhe,Baden-Württemberg
4569769,Sparkasse Kierspe-Meinerzhagen,Nordrhein-Westfalen
4567198,Sparkasse Kinzigtal,Baden-Württemberg
4167415,Sparkasse KölnBonn,Nordrhein-Westfalen
4401024,Sparkasse Kraichgau Bruchsal-Bretten-Sinsheim,Baden-Württemberg
4245478,Sparkasse Krefeld,Nordrhein-Westfalen
4394520,Sparkasse Kulmbach-Kronach,Bayern
4394933,Sparkasse Landsberg-Dießen,Bayern
4427060,Sparkasse Landshut,Bayern
4394328,Sparkasse Langen - Seligenstadt,Nordrhein-Westfalen
4412471,Sparkasse Laubach-Hungen,Hessen
4258084,Sparkasse LeerWittmund,Niedersachsen
4427137,Sparkasse Lemgo,Nordrhein-Westfalen
4399782,Sparkasse Leverkusen,Nordrhein-Westfalen
4395303,Sparkasse Lippstadt,Nordrhein-Westfalen
4537822,Sparkasse Lörrach-Rheinfelden,Baden-Württemberg
4402398,Sparkasse Lüdenscheid - Zweckverbandssparkasse im Märkischen Kreis -,Nordrhein-Westfalen
4252290,Sparkasse Lüneburg,Niedersachsen
4394581,Sparkasse MagdeBurg,Sachsen-Anhalt
4387731,Sparkasse Mainfranken Würzburg,Bayern
4394576,Sparkasse Mainz,Rheinland-Pfalz
4404973,Sparkasse Mansfeld-Südharz,Sachsen-Anhalt
4399778,Sparkasse Marburg-Biedenkopf,Hessen
4400566,Sparkasse Markgräflerland,Baden-Württemberg
4559188,Sparkasse Märkisches Sauerland Hemer - Menden,Nordrhein-Westfalen
4438418,Sparkasse Mecklenburg-Nordwest,Mecklenburg-Vorpommern
4394790,Sparkasse Mecklenburg-Schwerin,Mecklenburg-Vorpommern
4401512,Sparkasse Mecklenburg-Strelitz,Mecklenburg-Vorpommern
4394477,Sparkasse Meißen,Sachsen
4395004,Sparkasse Merzig-Wadern,Saarland
4394472,Sparkasse Minden-Lübbecke Zweckverbandssparkasse des Kreises Minden-Lübbecke und der Städte Minden u,Nordrhein-Westfalen
4394338,Sparkasse Mittelfranken-Süd,Bayern
4383043,Sparkasse Mittelholstein AG,Schleswig-Holstein
4400678,Sparkasse Mittelmosel - Eifel Mosel Hunsrück,Rheinland-Pfalz
4423951,Sparkasse Mittelsachsen,Sachsen
4400778,Sparkasse Mittelthüringen,Thüringen
4567203,Sparkasse Mitten im Sauerland,Nordrhein-Westfalen
4569800,Sparkasse Mitten im Sauerland,Nordrhein-Westfalen
4398937,Sparkasse Muldental,Sachsen
4427140,Sparkasse Mülheim an der Ruhr,Rheinland-Pfalz
4245480,Sparkasse Münsterland Ost,Nordrhein-Westfalen
4537823,Sparkasse Neckartal-Odenwald,Baden-Württemberg
4399945,Sparkasse Neu-Ulm - Illertissen,Mecklenburg-Vorpommern
4405067,Sparkasse Neubrandenburg-Demmin,Mecklenburg-Vorpommern
4567231,Sparkasse Neuburg-Rain,Bayern
4402338,Sparkasse Neumarkt I.D. Opf. - Parsberg,Bayern
4394939,Sparkasse Neunkirchen,Saarland
4387116,Sparkasse Neuss,Nordrhein-Westfalen
4402319,Sparkasse Neuwied,Rheinland-Pfalz
4387729,Sparkasse Niederbayern-Mitte,Bayern
4567077,Sparkasse Niederlausitz,Brandenburg
4403518,Sparkasse Nienburg,Niedersachsen
4245481,Sparkasse Nürnberg,Bayern
4387736,Sparkasse Oberhessen,Hessen
4537827,Sparkasse Oberland,Bayern
4427136,Sparkasse Oberlausitz-Niederschlesien,Sachsen
4567093,Sparkasse Oberpfalz Nord,Bayern
4413636,Sparkasse Odenwaldkreis,Hessen
4562408,Sparkasse Oder-Spree,Brandenburg
4836302,Sparkasse Offenburg/Ortenau,Baden-Württemberg
4399260,Sparkasse Olpe-Drolshagen-Wenden,Nordrhein-Westfalen
4387839,Sparkasse Osnabrück,Niedersachsen
4398588,Sparkasse Osterode am Harz,Niedersachsen
4398519,Sparkasse Ostprignitz-Ruppin,Brandenburg
4404983,Sparkasse Ostunterfranken,Bayern
4399795,Sparkasse Paderborn-Detmold-Höxter,Nordrhein-Westfalen
4428234,Sparkasse Paderborn-Detmold-Höxter,Nordrhein-Westfalen
4399482,Sparkasse Parchim - Lübz,Mecklenburg-Vorpommern
4427138,Sparkasse Passau,Bayern
4567202,Sparkasse Pfaffenhofen,Bayern
4242258,Sparkasse Pforzheim Calw,Baden-Württemberg
4399846,Sparkasse Pfullendorf-Meßkirch,Baden-Württemberg
4567271,Sparkasse Prignitz,Brandenburg
4567431,Sparkasse Radevormwald-Hückeswagen,Nordrhein-Westfalen
4403519,Sparkasse Rastatt-Gernsbach,Baden-Württemberg
4404980,Sparkasse Regen-Viechtach,Bayern
4407448,Sparkasse Regensburg,Bayern
4407450,Sparkasse Rhein Neckar Nord,Nordrhein-Westfalen
4394320,Sparkasse Rhein-Haardt,Nordrhein-Westfalen
4567102,Sparkasse Rhein-Maas,Nordrhein-Westfalen
4387088,Sparkasse Rhein-Nahe,Nordrhein-Westfalen
4402516,Sparkasse Rietberg,Nordrhein-Westfalen
4400640,Sparkasse Rosenheim-Bad Aibling,Bayern
4538000,Sparkasse Rotenburg Osterholz,Niedersachsen
4573167,Sparkasse Rottal-Inn,Bayern
4242259,Sparkasse Saarbrücken,Saarland
4383032,Sparkasse Salem-Heiligenberg,Baden-Württemberg
4427151,Sparkasse Schaumburg,Niedersachsen
4400456,Sparkasse Scheeßel -Zweckverbandssparkasse,Niedersachsen
4570000,Sparkasse Schönau-Todtnau,Baden-Württemberg
4394314,Sparkasse Schwaben-Bodensee,Bayern
4414697,Sparkasse Schwäbisch Hall - Crailsheim,Baden-Württemberg
4427063,Sparkasse Schwarzwald-Baar,Baden-Württemberg
4538183,Sparkasse Schweinfurt-Haßberge,Bayern
4569778,Sparkasse Schwelm-Sprockhövel,Nordrhein-Westfalen
4427062,Sparkasse Siegen,Nordrhein-Westfalen
4399658,Sparkasse Sonneberg,Thüringen
4394448,Sparkasse Spree-Neiße,Brandenburg
4405390,Sparkasse St. Blasien,Baden-Württemberg
4402351,Sparkasse Stade-Altes Land,Niedersachsen
4404962,Sparkasse Starkenburg,Hessen
4567189,Sparkasse Staufen - Breisach,Baden-Württemberg
4401519,Sparkasse Stockach,Baden-Württemberg
4209493,Sparkasse Südholstein,Schleswig-Holstein
4399806,Sparkasse Südpfalz,Rheinland-Pfalz
4394610,Sparkasse Südwestpfalz,Rheinland-Pfalz
4399797,Sparkasse Tauberfranken,Baden-Württemberg
4400785,Sparkasse Trier,Rheinland-Pfalz
4399120,Sparkasse Uckermark,Brandenburg
4401205,Sparkasse Uecker-Randow,Mecklenburg-Vorpommern
4538082,Sparkasse Uelzen/Lüchow-Dannenberg,Niedersachsen
4278174,Sparkasse Ulm,Baden-Württemberg
4403467,Sparkasse UnnaKamen,Nordrhein-Westfalen
4413699,Sparkasse Unstrut-Hainich,Sachsen-Anhalt
4387840,Sparkasse Vest Recklinghausen,Nordrhein-Westfalen
4258528,Sparkasse Vogtland,Sachsen
4399929,Sparkasse Vorderpfalz,Rheinland-Pfalz
4427142,Sparkasse Vorpommern,Mecklenburg-Vorpommern
4383042,Sparkasse Waldeck-Frankenberg,Hessen
4403821,Sparkasse Werl (Zweckverbandssparkasse der Stadt Werl und der Gemeinden Wickede),Nordrhein-Westfalen
4394912,Sparkasse Werra-Meißner,Hessen
4394995,Sparkasse Westerwald-Sieg,Rheinland-Pfalz
4427064,Sparkasse Westholstein,Schleswig-Holstein
4431461,Sparkasse Westmünsterland,Nordrhein-Westfalen
4399940,Sparkasse Wetzlar,Hessen
4538210,Sparkasse Wiesental,Baden-Württemberg
4394753,Sparkasse Witten,Nordrhein-Westfalen
4548594,Sparkasse Wittenberg,Sachsen-Anhalt
4559191,Sparkasse Wittgenstein,Nordrhein-Westfalen
4569936,Sparkasse Wolfach,Baden-Württemberg
4384481,Sparkasse Zollernalb,Baden-Württemberg
4399922,Sparkasse zu Lübeck Aktiengesellschaft,Schleswig-Holstein
4394445,Sparkasse Zwickau,Sachsen
4391039,Stadt- und Kreis-Sparkasse Darmstadt,Hessen
4427053,Stadt- und Kreissparkasse Erlangen Höchstadt Herzogenaurach,Bayern
4245479,Stadt- und Kreissparkasse Leipzig,Sachsen
4569784,Stadt- und Kreissparkasse Moosburg a. d. Isar,Bayern
4403977,Stadt- und Kreissparkasse Rothenburg ob der Tauber,Bayern
4567279,Stadt-Sparkasse Haan (Rheinl.),Nordrhein-Westfalen
4395193,Stadt-Sparkasse Langenfeld (Rhld.),Nordrhein-Westfalen
4394512,Stadt-Sparkasse Solingen,Nordrhein-Westfalen
4395167,Städtische Sparkasse Offenbach a. M.,Hessen
4387844,Stadtsparkasse Augsburg,Bayern
4403955,Stadtsparkasse Bad Honnef,Nordrhein-Westfalen
4401722,Stadtsparkasse Bad Pyrmont,Niedersachsen
4578809,Stadtsparkasse Bad Sachsa,Niedersachsen
4569997,Stadtsparkasse Barsinghausen,Niedersachsen
4428260,Stadtsparkasse Blomberg/Lippe,Nordrhein-Westfalen
4403612,Stadtsparkasse Bocholt,Nordrhein-Westfalen
4412477,Stadtsparkasse Borken,Nordrhein-Westfalen
4403346,Stadtsparkasse Bottrop,Nordrhein-Westfalen
4569961,Stadtsparkasse Burgdorf,Niedersachsen
4567210,Stadtsparkasse Cuxhaven,Niedersachsen
4399215,Stadtsparkasse Dessau,Sachsen-Anhalt
4245482,Stadtsparkasse Düsseldorf,Nordrhein-Westfalen
4567209,Stadtsparkasse Emmerich-Rees,Nordrhein-Westfalen
4413639,Stadtsparkasse Felsberg,Hessen
4570002,Stadtsparkasse Freudenberg,Nordrhein-Westfalen
4559187,Stadtsparkasse Gladbeck,Nordrhein-Westfalen
4413640,Stadtsparkasse Grebenstein,Hessen
4427504,Stadtsparkasse Haltern am See,Nordrhein-Westfalen
4399124,Stadtsparkasse Hameln,Niedersachsen
4569991,Stadtsparkasse Herdecke,Nordrhein-Westfalen
4570003,Stadtsparkasse Hilchenbach,Nordrhein-Westfalen
4405083,Stadtsparkasse Kaiserslautern,Rheinland-Pfalz
4569943,Stadtsparkasse Lengerich (Westfalen),Nordrhein-Westfalen
4414685,Stadtsparkasse Mönchengladbach,Nordrhein-Westfalen
4242260,Stadtsparkasse München,Bayern
4427141,Stadtsparkasse Oberhausen,Nordrhein-Westfalen
4559169,Stadtsparkasse Porta Westfalica,Nordrhein-Westfalen
4569998,Stadtsparkasse Rahden,Nordrhein-Westfalen
4395030,Stadtsparkasse Remscheid,Nordrhein-Westfalen
4404982,Stadtsparkasse Rheine,Nordrhein-Westfalen
4569962,Stadtsparkasse Schmallenberg,Nordrhein-Westfalen
4404106,Stadtsparkasse Schwedt,Brandenburg
4399485,Stadtsparkasse Schwerte,Nordrhein-Westfalen
4569973,Stadtsparkasse Sprockhövel,Nordrhein-Westfalen
4569996,Stadtsparkasse Völklingen,Saarland
4401830,Stadtsparkasse Wedel,Schleswig-Holstein
4567432,Stadtsparkasse Wermelskirchen,Nordrhein-Westfalen
4567278,Stadtsparkasse Werne,Nordrhein-Westfalen
4401756,Stadtsparkasse Wetter (Ruhr),Hessen
4569955,Stadtsparkasse Wunstorf,Niedersachsen
4388232,Stadtsparkasse Wuppertal,Nordrhein-Westfalen
4377775,start:bausparkasse AG,Niedersachsen
4564245,Sylter Bank eG,Schleswig-Holstein
4391000,Taunus Sparkasse,Hessen
4569816,Unsere Volksbank eG St. Wendeler Land,Saarland
4569822,Verbandssparkasse Goch - Zweckverbandssparkasse der Städte Goch und Kevelaer und der Gemeinde Weeze,Nordrhein-Westfalen
4390996,VerbundVolksbank OWL eG,Nordrhein-Westfalen
4401893,Vereinigte Genossenschafts- und Raiffeisenbank Westpfalz eG,Rheinland-Pfalz
4403909,Vereinigte Raiffeisenbanken GrÄFenberg-Forchheim-Eschenau-Heroldsberg Eg,Bayern
4383045,Vereinigte Sparkasse im Märkischen Kreis,Nordrhein-Westfalen
4138879,Vereinigte Sparkassen Eschenbach i.d.OPf. Neustadt a.d.Waldnaab Vohenstrauß,Bayern
4567266,Vereinigte Sparkassen Gunzenhausen,Bayern
4403816,Vereinigte Volksbank eG Dillingen * Dudweiler * Sulzbach/Saar,Saarland
4405973,Vereinigte Volksbank eG Ganderkesee - Hude - Bookholzberg - Lemwerder,Niedersachsen
4400473,Vereinigte Volksbank eG Limburg,Hessen
4401876,"Vereinigte Volksbank eG, Wernigerode",Sachsen-Anhalt
4402328,Vereinigte Volksbank Maingau eG,Hessen
4403725,Vereinigte Volksbank Raiffeisenbank eG,Baden-Württemberg
4401404,Vereinte Volksbank eG,Nordrhein-Westfalen
4580263,Volks- und Raiffeisenbank eG Leinebergland,Niedersachsen
4628717,Volks- und Raiffeisenbank Eisleben eG,Sachsen-Anhalt
4628718,Volks- und Raiffeisenbank Fürstenwalde Seelow Wriezen eG,Brandenburg
4569840,Volks- und Raiffeisenbank Prignitz eG,Brandenburg
4576251,Volks- und Raiffeisenbank Saale-Unstrut eG,Sachsen-Anhalt
4402451,Volks- und Raiffeisenbank Saarpfalz eG,Saarland
4628719,Volks- und Raiffeisenbank Zeitz eG,Sachsen-Anhalt
4405981,Volksbank - Raiffeisenbank Vilshofen eG,Bayern
4405119,Volksbank Achern eG,Baden-Württemberg
4548658,Volksbank Allgäu-West eG,Bayern
4396726,Volksbank Alzey-Worms eG,Rheinland-Pfalz
4401313,Volksbank am Württemberg eG,Baden-Württemberg
4398849,Volksbank am Württemberg eG,Baden-Württemberg
4394682,Volksbank an der Niers eG,Nordrhein-Westfalen
4428827,Volksbank Anröchte eG,Niedersachsen
4580533,Volksbank Aschaffenburg eG,Bayern
4580521,Volksbank Ascheberg-Herbern eG,Niedersachsen
4429605,Volksbank Bad Münder eG,Niedersachsen
4394728,Volksbank Bad Oeynhausen-Herford eG,Niedersachsen
4400063,Volksbank Bad Salzuflen eG,Niedersachsen
4394822,Volksbank Baden-Baden Rastatt eG,Baden-Württemberg
4580278,Volksbank Baiersbronn Murgtal eG,Baden-Württemberg
4579584,Volksbank Bakum eG,Niedersachsen
4401526,Volksbank Balingen eG,Baden-Württemberg
4402602,Volksbank Baumberge eG,Niedersachsen
4401053,Volksbank Beckum-Lippstadt eG,Nordrhein-Westfalen
4402600,Volksbank Beilstein-Ilsfeld-Abstatt eG,Baden-Württemberg
4403983,Volksbank Berg eG,Nordrhein-Westfalen
4403306,Volksbank Bigge-Lenne eG,Niedersachsen
4548677,Volksbank Bitburg eG,Rheinland-Pfalz
4580298,Volksbank Blaubeuren eG,Baden-Württemberg
4399798,Volksbank Bodensee-Oberschwaben eG,Baden-Württemberg
4576238,Volksbank Bodensee-Oberschwaben eG,Baden-Württemberg
4605757,Volksbank Bookholzberg-Lemwerder eG,Niedersachsen
4628722,Volksbank Börßum-Hornburg eG,Niedersachsen
4429800,Volksbank BÖSel E.G.,Niedersachsen
4569806,Volksbank Brackenheim-Güglingen eG,Baden-Württemberg
4401836,Volksbank Bramgau-Wittlage eG,Niedersachsen
4628725,Volksbank Braunlage eG,Niedersachsen
4394544,Volksbank BRAWO eG,Niedersachsen
4395252,Volksbank Breisgau Nord eG,Baden-Württemberg
4427595,Volksbank Bremen-Nord eG,Bremen
4574617,Volksbank Brenztal eG,Baden-Württemberg
4407428,Volksbank Bruhrain-Kraich-Hardt eG,Baden-Württemberg
4403731,Volksbank Bühl eG,Baden-Württemberg
4559142,Volksbank Butzbach eG,Hessen
4605758,Volksbank Clenze-Hitzacker eG,Niedersachsen
4400348,Volksbank Darmstadt - Südhessen eG,Hessen
4580297,Volksbank Deisslingen eG,Baden-Württemberg
4577819,Volksbank Delbrück-Hövelhof eG,Nordrhein-Westfalen
4402520,Volksbank Delbrück-Rietberg eG,Nordrhein-Westfalen
4428632,Volksbank Delitzsch eG,Niedersachsen
4428334,Volksbank Dessau-Anhalt eG,Sachsen-Anhalt
4628727,Volksbank Diepholz-Barnstorf eG,Niedersachsen
4399918,Volksbank Dill eG,Hessen
4428786,Volksbank Dinslaken eG,Nordrhein-Westfalen
4402601,Volksbank Dortmund-Nordwest eG,Nordrhein-Westfalen
4403617,Volksbank Dreiländereck eG,Baden-Württemberg
4403789,Volksbank Dresden-Bautzen eG,Sachsen
4580529,Volksbank Dünnwald-Holweide eG,Niedersachsen
4580282,Volksbank Düren eG,Nordrhein-Westfalen
4406062,Volksbank Düsseldorf Neuss eG,Nordrhein-Westfalen
4401964,Volksbank Düte-Ems eG,Niedersachsen
4567238,Volksbank eG,Niedersachsen
4395380,Volksbank eG,Niedersachsen
4628742,Volksbank eG Delmenhorst Schierbrok,Niedersachsen
4428916,Volksbank eG Emstek Essen Cappeln,Niedersachsen
4399196,Volksbank eG Mosbach,Baden-Württemberg
4576158,Volksbank eG Oldenburg-Land Delmenhorst,Niedersachsen
4427134,Volksbank eG-Die Gestalterbank,Baden-Württemberg
4628731,"Volksbank eG, Ahlerstedt",Niedersachsen
4580535,"Volksbank eG, Eppertshausen",Hessen
4405962,"Volksbank eG, Steyerberg",Niedersachsen
4428642,Volksbank Eisenberg eG,Niedersachsen
4628770,Volksbank Elsen-Wewer-Borchen eG,Niedersachsen
4580295,Volksbank Elsterland eG,Brandenburg
4567435,Volksbank Emmerich-Rees eG,Nordrhein-Westfalen
4605760,Volksbank Enniger-Ostenfelde-Westkirchen eG,Niedersachsen
4398614,Volksbank Erft eG,Nordrhein-Westfalen
4567280,Volksbank Erkelenz eG,Nordrhein-Westfalen
4580287,Volksbank Esens eG,Niedersachsen
4403285,Volksbank Esslingen eG,Baden-Württemberg
4399219,Volksbank Ettlingen eG,Baden-Württemberg
4576164,Volksbank Eutin Raiffeisenbank eG,Schleswig-Holstein
4618855,Volksbank Feldatal eG,Hessen
4399657,Volksbank Filder eG,Baden-Württemberg
4567248,Volksbank Franken eG,Bayern
4393630,Volksbank Freiburg eG,Baden-Württemberg
4606967,Volksbank Gebhardshain eG,Niedersachsen
4628779,Volksbank Geeste-Nord eG,Niedersachsen
4605761,Volksbank Gemen eG,Nordrhein-Westfalen
4628781,Volksbank Gescher eG,Nordrhein-Westfalen
4402044,Volksbank Glan-Münchweiler eG,Rheinland-Pfalz
4399363,Volksbank Göttingen eG,Niedersachsen
4576332,Volksbank Griesheim eG,Hessen
4394906,Volksbank Gronau-Ahaus eG,Nordrhein-Westfalen
4403353,Volksbank Hameln-Stadthagen eG,Niedersachsen
4548632,Volksbank Hamm/Sieg eG,Nordrhein-Westfalen
4628789,Volksbank Hankensbüttel-Wahrenholz eG,Niedersachsen
4580280,Volksbank Haselünne eG,Niedersachsen
4580283,Volksbank Heiden eG,Nordrhein-Westfalen
4577769,Volksbank Heiligenstadt eG,Niedersachsen
4398921,Volksbank Heinsberg eG,Nordrhein-Westfalen
4428898,Volksbank Heinsberg eG,Nordrhein-Westfalen
4399732,Volksbank Hellweg eG,Nordrhein-Westfalen
4399749,Volksbank Helmstedt eG,Niedersachsen
4576348,Volksbank Herborn-Eschenburg eG,Niedersachsen
4580528,Volksbank Heuberg eG,Niedersachsen
4402606,Volksbank Heuchelheim eG,Hessen
4403910,Volksbank Hildesheimer Börde eG,Niedersachsen
4396419,Volksbank Hochrhein eG,Baden-Württemberg
4427469,Volksbank Höchst a.M. eG,Niedersachsen
4402559,Volksbank Hochwald-Saarburg eG,Rheinland-Pfalz
4622590,Volksbank Hohenlimburg eG,Nordrhein-Westfalen
4628796,Volksbank Hörste eG,Niedersachsen
4395284,Volksbank im Bergischen Land eG,Nordrhein-Westfalen
4403718,Volksbank im Elbe-Weser-Dreieck eG,Niedersachsen
4576118,Volksbank im Harz eG,Niedersachsen
4428913,Volksbank im Hochsauerland eG,Nordrhein-Westfalen
4395890,Volksbank im Münsterland eG,Nordrhein-Westfalen
4580274,Volksbank im Wesertal eG,Niedersachsen
4579593,Volksbank Immenstadt eG,Bayern
4394535,Volksbank in Ostwestfalen eG,Nordrhein-Westfalen
4622593,Volksbank in Schaumburg und Nienburg eG,Niedersachsen
4403449,Volksbank in Südwestfalen eG,Nordrhein-Westfalen
4429886,Volksbank Jerichower Land eG,Sachsen-Anhalt
4576267,Volksbank Kamen-Werne eG,Nordrhein-Westfalen
4428950,Volksbank Kehdingen eG,Niedersachsen
4247096,Volksbank Kempen-Grefrath eG,Nordrhein-Westfalen
4605763,Volksbank Kierspe eG,Niedersachsen
4401055,Volksbank Kirchhellen eG Bottrop,Nordrhein-Westfalen
4605765,Volksbank Kirnau-Krautheim eG,Baden-Württemberg
4400153,Volksbank Klettgau-Wutöschingen eG,Baden-Württemberg
4403871,Volksbank Kleverland eG,Nordrhein-Westfalen
4394548,Volksbank Köln Bonn eG,Nordrhein-Westfalen
4605766,Volksbank Krautheim eG,Niedersachsen
4247101,Volksbank Krefeld eG,Nordrhein-Westfalen
4395155,Volksbank Kurpfalz eG,Baden-Württemberg
4580525,Volksbank Laer-Horstmar-Leer eG,Nordrhein-Westfalen
4400448,Volksbank Lahr eG,Baden-Württemberg
4606972,Volksbank Lastrup eG,Niedersachsen
4580288,Volksbank Lauterecken eG,Rheinland-Pfalz
4580516,Volksbank Lembeck - Rhade eG,Nordrhein-Westfalen
4403899,Volksbank Leonberg-Strohgäu eG,Baden-Württemberg
4402609,Volksbank Löbau-Zittau eG,Sachsen
4538518,Volksbank Lohne-Mühlen eG,Niedersachsen
4403892,Volksbank Lübeck eG,Schleswig-Holstein
4404290,Volksbank Magdeburg eG,Sachsen-Anhalt
4247070,Volksbank Mainspitze eG,Hessen
4580289,Volksbank Marsberg eG,Niedersachsen
4427599,Volksbank Meßkirch eG Raiffeisenbank,Baden-Württemberg
4628815,Volksbank Minden eG,Nordrhein-Westfalen
4394956,Volksbank Mittlerer Neckar eG,Baden-Württemberg
4429558,Volksbank Mittleres Erzgebirge eG,Sachsen
4569785,Volksbank Mittweida eG,Sachsen
4404025,Volksbank Möckmühl eG,Baden-Württemberg
4576335,Volksbank Modau eG,Hessen
4622599,Volksbank Mönchengladbach eG,Nordrhein-Westfalen
4402595,Volksbank Montabaur - Höhr-Grenzhausen eG,Rheinland-Pfalz
4605769,Volksbank Mülheim-Kärlich eG,Rheinland-Pfalz
4403856,Volksbank Müllheim eG,Baden-Württemberg
4402207,Volksbank Münsingen eG,Baden-Württemberg
4538578,Volksbank Nahe Schaumberg eG,Rheinland-Pfalz
4403451,Volksbank Neckartal eG,Baden-Württemberg
4605770,Volksbank Neuenkirchen-Vörden eG,Niedersachsen
4396423,Volksbank Niederrhein eG,Nordrhein-Westfalen
4622576,Volksbank Niedersachsen-Mitte eG,Niedersachsen
4402557,Volksbank Nordharz eG,Sachsen-Anhalt
4606976,Volksbank Nordhümmling eG,Niedersachsen
4427592,Volksbank Nordschwarzwald eG,Baden-Württemberg
4606978,Volksbank Ober-Mörlen eG,Niedersachsen
4393645,Volksbank Oberberg eG,Niedersachsen
4402452,Volksbank Ochtrup-Laer eG,Nordrhein-Westfalen
4401480,Volksbank Oelde-Ennigerloh-Neubeckum eG,Niedersachsen
4576246,Volksbank Olpe-Wenden-Drolshagen eG,Niedersachsen
4628823,Volksbank Ostlippe eG,Nordrhein-Westfalen
4606979,Volksbank Oyten e.G.,Niedersachsen
4580534,Volksbank Pfullendorf eG,Baden-Württemberg
4429410,Volksbank Pirna eG,Sachsen
4393968,Volksbank pur eG,Baden-Württemberg
4219551,Volksbank pur eG,Baden-Württemberg
4605771,Volksbank Raesfeld und Erle eG,Nordrhein-Westfalen
4580279,Volksbank Raiffeisenbank AmmerGäu eG,Bayern
4569782,Volksbank Raiffeisenbank Bad Kissingen eG,Bayern
4562515,Volksbank Raiffeisenbank Bayern Mitte eG,Bayern
4394996,Volksbank Raiffeisenbank Dachau eG,Bayern
4580293,Volksbank Raiffeisenbank eG,Nordrhein-Westfalen
4399273,Volksbank Raiffeisenbank eG,Nordrhein-Westfalen
4382173,Volksbank Raiffeisenbank Fürstenfeldbruck eG,Bayern
4401037,Volksbank Raiffeisenbank Laupheim-Illertal eG,Baden-Württemberg
4402611,Volksbank Raiffeisenbank Meißen Großenhain eG,Sachsen
4576149,Volksbank Raiffeisenbank Niederschlesien eG,Sachsen
4567241,Volksbank Raiffeisenbank Nordoberpfalz eG,Bayern
4403557,Volksbank Raiffeisenbank NÜRnberg Eg,Bayern
4395149,Volksbank Raiffeisenbank Oberbayern Südost eG,Bayern
4382182,Volksbank Raiffeisenbank Starnberg-Herrsching-Landsberg eG,Bayern
4394942,Volksbank Raiffeisenbank Würzburg eG,Bayern
4628828,Volksbank Rathenow eG,Brandenburg
4431507,Volksbank Remseck eG,Baden-Württemberg
4404104,Volksbank Rhede eG,Niedersachsen
4567182,Volksbank Rhein-Erft-Köln eG,Nordrhein-Westfalen
4403581,Volksbank Rhein-Lahn-Limburg eG,Hessen
4567213,Volksbank Rhein-Lippe eG,Nordrhein-Westfalen
4249795,Volksbank Rhein-Nahe-Hunsrück eG,Rheinland-Pfalz
4395374,Volksbank Rhein-Ruhr eG,Nordrhein-Westfalen
4401030,Volksbank Rhein-Wehra eG,Baden-Württemberg
4401515,Volksbank Rhein-Wupper eG,Nordrhein-Westfalen
4429666,Volksbank Riesa eG,Sachsen
4605774,Volksbank Rot eG,Niedersachsen
4403837,Volksbank Rottweil eG,Baden-Württemberg
4394688,Volksbank Ruhr Mitte eG,Nordrhein-Westfalen
4401848,Volksbank Saar-West eG,Saarland
4579594,Volksbank Saerbeck eG,Nordrhein-Westfalen
4429887,Volksbank Sandhofen eG,Baden-Württemberg
4396731,Volksbank Sauerland eG,Nordrhein-Westfalen
4402594,Volksbank Schermbeck eG,Nordrhein-Westfalen
4580522,Volksbank Schlangen eG,Niedersachsen
4628759,Volksbank Schnathorst eG,Nordrhein-Westfalen
4628762,Volksbank Schupbach eG,Hessen
4399359,Volksbank Schwäbisch Gmünd eG,Baden-Württemberg
4628767,Volksbank Schwanewede eG,Niedersachsen
4395377,Volksbank Schwarzwald-Donau-Neckar eG,Niedersachsen
4403906,Volksbank Schwarzwald-Neckar eG,Niedersachsen
4628771,Volksbank Seligenstadt eG,Hessen
4428785,Volksbank Selm-Bork eG,Nordrhein-Westfalen
4605777,Volksbank Senden eG,Niedersachsen
4403354,Volksbank Siegerland eG,Nordrhein-Westfalen
4576242,Volksbank Solling eG,Niedersachsen
4580290,Volksbank Spree-Neiße eG,Brandenburg
4402616,Volksbank Sprockhövel eG,Nordrhein-Westfalen
4398701,Volksbank Stade-Cuxhaven eG,Niedersachsen
4401042,Volksbank Staufen eG,Baden-Württemberg
4580520,Volksbank Stein Eisingen eG,Baden-Württemberg
4628773,Volksbank Stendal eG,Sachsen-Anhalt
4404053,Volksbank Stormarn eG,Schleswig-Holstein
4401450,Volksbank Strohgäu eG,Baden-Württemberg
4427600,Volksbank Stutensee-Weingarten eG,Baden-Württemberg
4400479,Volksbank Süd-Emsland eG,Niedersachsen
4576173,Volksbank Südmünsterland-Mitte eG,Nordrhein-Westfalen
4576259,Volksbank Sulmtal eG,Baden-Württemberg
4628806,Volksbank Thülen eG,Nordrhein-Westfalen
4404207,Volksbank Triberg eG,Baden-Württemberg
4403812,Volksbank Trier eG,Rheinland-Pfalz
4431504,Volksbank Trossingen eG,Baden-Württemberg
4580524,Volksbank Überwald-Gorxheimertal eG,Niedersachsen
4567424,Volksbank Uelzen-Salzwedel eG,Sachsen-Anhalt
4628808,Volksbank Ulrichstein eG,Hessen
4403295,Volksbank Untere Saar eG,Saarland
4628812,Volksbank Vechelde-Wendeburg eG,Niedersachsen
4567229,Volksbank Vechta eG,Niedersachsen
4580517,Volksbank Versmold eG,Nordrhein-Westfalen
4399750,Volksbank Viersen eG,Nordrhein-Westfalen
4534988,Volksbank Vilshofen eG,Bayern
4629107,Volksbank Visbek eG,Niedersachsen
4622734,Volksbank Vogtland-Saale-Orla eG,Sachsen
4428766,Volksbank Vorbach-Tauber eG,Baden-Württemberg
4659393,Volksbank Vorpommern eG,Mecklenburg-Vorpommern
4605780,Volksbank Wachtberg eG,Nordrhein-Westfalen
4398950,Volksbank Weinheim eG,Baden-Württemberg
4402555,Volksbank Weschnitztal eG,Hessen
4622738,Volksbank Weserbergland eG,Niedersachsen
4618872,Volksbank Westenholz eG,Niedersachsen
4538579,Volksbank Westerkappeln-Saerbeck eG,Nordrhein-Westfalen
4580277,Volksbank Westerstede eG,Niedersachsen
4403324,Volksbank Westmünsterland eG,Nordrhein-Westfalen
4848832,Volksbank Wickede (Ruhr) eG,Nordrhein-Westfalen
4430029,Volksbank Wilhelmshaven eG,Niedersachsen
4605787,Volksbank Winsener Marsch eG,Niedersachsen
4605676,Volksbank Wittenberg eG,Sachsen-Anhalt
4577770,Volksbank Wittgenstein eG,Nordrhein-Westfalen
4428651,Volksbank Wittingen-Klötze eG,Sachsen-Anhalt
4628821,Volksbank Wolgast eG,Mecklenburg-Vorpommern
4628826,Volksbank Worpswede eG,Niedersachsen
4628848,Volksbank Wulfsen eG,Niedersachsen
4403861,Volksbank Zuffenhausen eG,Baden-Württemberg
4580530,Volksbank Zwickau eG,Sachsen
4580225,Volksbank-Raiffeisenbank Deggingen eingetragene Genossenschaft,Baden-Württemberg
4576212,Volksbank-Raiffeisenbank Dingolfing eG,Bayern
4576119,Volksbank-Raiffeisenbank Glauchau eG,Sachsen
4403952,Volksbanken Tübingen eG,Baden-Württemberg
4618720,VR Bank Alzey-Land-Schwabenheim eG,Rheinland-Pfalz
4622741,VR Bank Bad Orb-Gelnhausen eG,Niedersachsen
4398471,VR Bank Bamberg eG Raiffeisen-Volksbank,Bayern
4567232,VR Bank Bamberg-Forchheim eG Volks- Raiffeisenbank,Bayern
4403625,VR Bank Bayreuth-Hof eG,Bayern
4403602,VR Bank Dreieich-Offenbach eG,Hessen
4404719,VR Bank eG,Bayern
4403839,VR Bank Enz plus eG,Baden-Württemberg
4403679,VR Bank Flensburg-Schleswig eG,Schleswig-Holstein
4394937,VR Bank Heilbronn Schwäbisch Hall eG,Baden-Württemberg
4403600,VR Bank Hof eG,Bayern
4405983,VR Bank Hohenneuffen-Teck eG,Baden-Württemberg
4580180,VR Bank Ihre Heimatbank eG,Bayern
4567433,VR Bank im südlichen Franken eG,Thüringen
4398255,VR Bank in Holstein eG,Schleswig-Holstein
4569818,VR Bank in Thüringen eG,Thüringen
4569820,VR Bank Kempten-Oberallgaeu eG,Bayern
4398948,VR Bank Lahn-Dill eG,Hessen
4402618,VR Bank Lausitz eG,Brandenburg
4574634,VR Bank Mecklenburg eG,Mecklenburg-Vorpommern
4404230,VR Bank Mittelhaardt eG,Rheinland-Pfalz
4221228,VR Bank Neuburg-Rain eG,Bayern
4398943,VR Bank Niederbayern-Oberpfalz eG,Bayern
4397153,VR Bank Nord eG,Schleswig-Holstein
4405086,VR Bank Ostholstein Nord - Plön eG,Schleswig-Holstein
4402346,VR Bank RheinAhrEifel eG,Rheinland-Pfalz
4428360,VR Bank Ried-Überwald eG,Hessen
4428628,VR Bank Schlüchtern-Birstein eG,Hessen
4428148,VR Bank Schwäbischer Wald eG,Baden-Württemberg
4580281,VR Bank Schwäbischer Wald eG,Baden-Württemberg
4401027,VR Bank Südpfalz eG,Rheinland-Pfalz
4402591,VR Bank Tübingen eG,Baden-Württemberg
4403656,VR Bank Westfalen-Lippe eG,Nordrhein-Westfalen
4399779,VR Bank Westküste eG,Schleswig-Holstein
4403832,VR Bank Westthüringen eG,Thüringen
4403728,VR Bank zwischen den Meeren eG,Schleswig-Holstein
4403524,VR Handels-und Gewerbebank eG,Bayern
4403799,VR meine Bank eG,Bayern
4399767,VR PartnerBank eG Chattengau-Schwalm-Eder,Hessen
4428268,VR SüdBank eG,Baden-Württemberg
4396737,VR TeilhaberBank Metropolregion Nürnberg eG,Bayern
4576256,VR-Bank Alb eG,Baden-Württemberg
4402567,VR-Bank Alb-Blau-Donau eG,Baden-Württemberg
4569827,VR-Bank Altenburger Land eG,Thüringen
4398709,VR-Bank Asperg-Markgröningen eG,Baden-Württemberg
4403454,VR-Bank Bonn Rhein-Sieg eG,Nordrhein-Westfalen
4402617,VR-Bank Burghausen-Mühldorf eG,Bayern
4576201,VR-Bank Chattengau eG,Hessen
4567195,VR-Bank Coburg eG,Bayern
4574631,VR-Bank eG,Bayern
4618903,VR-Bank eG,Bayern
4569819,VR-Bank eG,Bayern
4622743,VR-Bank eG Alzenau,Bayern
4628849,VR-Bank eG Osnabrücker Nordland,Niedersachsen
4576388,VR-Bank eG Osnabrücker Nordland,Niedersachsen
4401007,VR-Bank Ellwangen eG,Baden-Württemberg
4402593,VR-Bank Feuchtwangen-Limes eG,Bayern
4405964,VR-Bank Fichtelgebirge-Frankenwald eG,Bayern
4622744,VR-Bank Fläming-Elsterland eG,Brandenburg
4622745,VR-Bank Hunsrück-Mosel eG,Rheinland-Pfalz
4567255,VR-Bank in Mittelbaden eG,Berlin
4401900,VR-Bank in Südniedersachsen eG,Berlin
4576248,VR-Bank in Südoldenburg eG,Berlin
4403818,VR-Bank Landau-Mengkofen eG,Bayern
4402449,VR-Bank Landshut eG,Bayern
4537998,VR-Bank Langenau-Ulmer Alb eG,Baden-Württemberg
4576103,VR-Bank Lichtenfels-Ebern eG,Bayern
4394549,VR-Bank Ludwigsburg eG,Baden-Württemberg
4402442,VR-Bank Main-Rhön eG,Bayern
4398967,VR-Bank Memmingen eG,Bayern
4567216,VR-Bank Mitte eG,Thüringen
4567261,VR-Bank Mittelfranken Mitte eG,Bayern
4406111,VR-Bank Mittelfranken Mitte eG,Bayern
4567275,VR-Bank Mittelsachsen eG,Sachsen
4400501,VR-Bank Neckar-Enz eG,Baden-Württemberg
4401525,VR-Bank Neu-Ulm eG,Bayern
4398953,VR-Bank Neu-Ulm/Weißenhorn eG,Baden-Württemberg
4622746,VR-Bank Nordeifel eG,Rheinland-Pfalz
4399355,VR-Bank NordRhön eG,Thüringen
4396733,VR-Bank Ostalb eG,Baden-Württemberg
4567204,VR-Bank Ostbayern-Mitte eG,Bayern
4576148,VR-Bank Pirmasens eG,Rheinland-Pfalz
4404093,VR-Bank Rhön-Grabfeld eG,Bayern
4401264,VR-Bank Rothenburg o.d.Tbr. eG,Bayern
4394930,VR-Bank Rottal-Inn eG,Bayern
4628850,VR-Bank Rur-Wurm eG,Nordrhein-Westfalen
4567237,VR-Bank Schweinfurt eG,Bayern
4628851,VR-Bank Spangenberg - Morschen eG,Hessen
4576244,VR-Bank Südwestpfalz eG Pirmasens - Zweibrücken,Rheinland-Pfalz
4401831,VR-Bank Uckermark-Randow eG,Brandenburg
4401366,VR-Bank Werdenfels eG,Bayern
4394953,Wartburg-Sparkasse,Thüringen
4278194,Weser-Elbe Sparkasse,Bremen
4400444,Westerwald Bank eG Volks- und Raiffeisenbank,Rheinland-Pfalz
4331896,Westfälisch-Lippische Sparkassen- und Giroverband,Nordrhein-Westfalen
4230267,Wiesbadener Volksbank eG,Hessen
4404071,Zevener Volksbank eG,Niedersachsen
4606041,Zweckverbandssparkasse der Stadt Bergkamen und der Gemeinde Bönen (Sparkasse Bergkamen-Bönen),Nordrhein-Westfalen
4629110,Zweckverbandssparkasse Duderstadt,Niedersachsen
4395230,Zweckverbandssparkasse Höxter,Nordrhein-Westfalen